<?xml version="1.0" encoding="UTF-8"?>
<project-private xmlns="http://www.netbeans.org/ns/project-private/1">
    <editor-bookmarks xmlns="http://www.netbeans.org/ns/editor-bookmarks/2" lastBookmarkId="0"/>
    <open-files xmlns="http://www.netbeans.org/ns/projectui-open-files/2">
        <group>
            <file>file:/C:/Users/lab_services_student/Documents/NetBeansProjects/Keaobaka%20Kgaudi/public_html/Gallery.html</file>
            <file>file:/C:/Users/lab_services_student/Documents/NetBeansProjects/Keaobaka%20Kgaudi/public_html/Home%20Page.html</file>
            <file>file:/C:/Users/lab_services_student/Documents/NetBeansProjects/Keaobaka%20Kgaudi/public_html/Contact%20us%20Page.html</file>
            <file>file:/C:/Users/lab_services_student/Documents/NetBeansProjects/Keaobaka%20Kgaudi/public_html/About%20Us.html</file>
            <file>file:/C:/Users/lab_services_student/Documents/NetBeansProjects/Keaobaka%20Kgaudi/public_html/Involve%20Us.html</file>
        </group>
    </open-files>
</project-private>
